{
  "project_info": {
    "project_number": "711991135839",
    "firebase_url": "https://lapitapp-b0ff9.firebaseio.com",
    "project_id": "lapitapp-b0ff9",
    "storage_bucket": "lapitapp-b0ff9.appspot.com"
  },
  "client": [
    {
      "client_info": {
        "mobilesdk_app_id": "1:711991135839:android:ecb04ef4e794717e",
        "android_client_info": {
          "package_name": "com.example.lapitapp"
        }
      },
      "oauth_client": [
        {
          "client_id": "711991135839-361i0375mrni6rpgmq1ra4t0ovdbg28v.apps.googleusercontent.com",
          "client_type": 1,
          "android_info": {
            "package_name": "com.example.lapitapp",
            "certificate_hash": "a325d8e4cb13f1b73859a1d6b4fc189b88e190f2"
          }
        },
        {
          "client_id": "711991135839-fhh610esqspvtiqtes0o0764j5k9dcev.apps.googleusercontent.com",
          "client_type": 3
        }
      ],
      "api_key": [
        {
          "current_key": "AIzaSyCHmFGXFiAZXRS2DkmeHWUPkSmXlSa51TQ"
        }
      ],
      "services": {
        "analytics_service": {
          "status": 1
        },
        "appinvite_service": {
          "status": 2,
          "other_platform_oauth_client": [
            {
              "client_id": "711991135839-fhh610esqspvtiqtes0o0764j5k9dcev.apps.googleusercontent.com",
              "client_type": 3
            }
          ]
        },
        "ads_service": {
          "status": 2
        }
      }
    }
  ],
  "configuration_version": "1"
}